,mse,mse_lab,mse_magnitude,mse_phase,med_magnitude,med_phase,hvs1,hvs2,hvs3,ssim,ncc,if_value,histogram
0,85.0,81.94949325561896,85.41511,1.0437298314125643,9.0,0.0,0.016878611944527035,0.023174666600489544,153.571414927359,0.9876693768996508,0.0035466738029784756,43.20139474478189,4.559311921697372
1,0.0,0.016128713569966834,0.5055715,3.259801144805199,0.0,0.0,0.0032536643301366366,0.08648603647428996,141.1566513698462,0.9998043758392703,0.0014043860608943133,0.7526879240474078,8.825755000233585
2,12.0,0.7637830404889229,12.228828,1.7182899010078252,0.0,0.0,0.009611879249593426,0.0005962096187128148,149.26937100915234,0.9970525652269039,0.00013024255799367983,6.6129403391451556,8.94860941162915
3,218.0,91.96110062326278,218.99336,1.5419997718781453,246.0,0.0,0.0028438156506435932,0.00958696315933018,140.4075752708503,0.978227883832754,0.00043786072504585234,109.98577706695788,6.045444979701642
4,56.0,0.430600155573728,56.188225,4.307695081790615,0.0,0.0,0.021527694275118837,0.039960992733266164,115.2568675554471,0.9871151790535516,0.0004590394161083581,28.587669722283024,8.794261565388297
5,0.0,0.2974756456878932,0.6426778,1.8417884060922727,0.0,4.440892098500626e-16,0.0058473275726634785,0.01226497708806227,118.34397323094556,0.999568645142615,0.0005071325035400944,0.8211232124924712,12.324417816271307
6,138.0,97.68884564868415,138.29369,1.5029738236473005,246.0,0.0,0.011198053974650604,0.008993831559912862,118.53381566509952,0.9928719233182992,0.001304041465872374,69.64327645394887,4.472539313705056
7,2.0,0.17092330904365954,2.5676146,2.755659742288219,0.0,0.0,0.007630168654864908,0.00018233056864602013,174.4525281484255,0.9991552417926655,0.00026084898509260834,1.7833848487797994,6.0586155533383135
8,0.0,0.16704232044541314,0.7043808,2.0265737627417435,0.0,0.0,0.008677499319227205,0.00013028107252183665,177.15686797066957,0.9992490179519574,0.0016275169826494979,0.8518149044970562,7.868272965733922
9,447.0,170.9217083304952,447.32358,0.6698612920000392,22.0,0.0,0.03630863003616411,0.0373847263497114,38.138165188832836,0.9864253926299654,0.0025370878016491047,224.15500685202645,0.3799380539712729
10,0.0,0.07391600222908093,0.17070003,1.4562434656681236,0.0,0.0,0.009191030946340379,1.5889134566043448e-05,61.11234420575314,0.9995475708572644,0.0013546269972735977,0.5851237999557622,5.751028629199482
11,99.0,0.6066448614219315,99.272064,4.161163379394996,255.0,0.0,0.027081182381899344,0.023570859557383934,97.21682890405259,0.9883418143493923,0.0002332305885671654,50.13020366422656,11.76285298820585
12,0.0,0.020752491495581123,0.020752491,0.6991531555918932,0.0,0.0,0.001081260560185899,6.267272682282801e-07,170.12242649363202,0.999970474332826,0.0006668706055262591,0.5103614829142036,4.774241281080322
13,6.0,0.052375021239647136,6.7080903,4.634361678750136,0.0,0.0,0.0037960348040839923,0.00047799801674186987,148.36943038274603,0.9987969801663504,0.00027449981754139975,3.853443532164957,12.473780032945797
14,7463.0,92.43693295865114,7463.416,1.102238960737463,88.0,0.0,0.10921023821604031,0.23079886549985182,62.01961218819122,0.906433659939886,0.004969591041585333,3732.161141358272,0.013679059607966337
15,27.0,16.164583351831297,27.483818,1.2334143804436717,249.0,0.0,0.03373289391242593,0.0009243501714679684,135.40798587713005,0.995429012665501,0.001069739523815584,14.23962349634385,6.023452458142856
16,0.0,0.02149109154512036,0.45822772,3.223380450529726,0.0,0.0,0.0032829805120210397,4.314834215100731e-05,127.83974830149059,0.9998345940887848,0.0014699764686349288,0.7290311577701127,7.358017769471189
17,34.0,19.90384576357179,34.086155,1.21937547901064,4.0,0.0,0.00942196410517869,0.004021796206099373,38.32896494355319,0.9892602675256872,0.004953551637745914,17.53770932752697,3.0736460867065034
18,1258.0,110.89914820879657,1258.2642,1.1579562671877053,224.0,0.0,0.030306429947990786,0.08276866206679379,181.22842283858301,0.9536352672353573,0.007282256522899816,629.6090140483379,0.13014784754705033
19,0.0,0.08333656165806759,0.54134077,2.1096125945722664,0.0,0.0,0.006329482006114951,8.704418812320396e-05,151.92513278082373,0.9996198964659901,0.0008360645907909999,0.7704803245382654,7.644879153689544
20,4.0,0.26905672516710155,4.910126,2.7708553482200062,0.0,0.0,0.00884747198708586,0.000539681659389968,104.777816455674,0.9984960087524348,0.00043904399171755954,2.9543110919124076,11.70607055653818
21,435.0,109.65164568951386,435.5911,0.6353485335998501,18.5,0.0,0.032174217978478005,0.07102241209823847,186.61257872012757,0.9060485610709188,0.0027775164651155006,218.248556238059,0.5538168515922735
22,288.0,68.92392087912089,288.92862,1.2693389160401483,20.0,0.0,0.012175352088570884,0.021529175414905278,115.32326088343031,0.976473544652026,0.0005743031097740443,144.9525532558425,4.2336288616934326
23,181.0,41.76809630210434,181.42238,1.7360098633315275,237.0,0.0,0.003971325405768219,0.003832693599184881,202.72807500567197,0.9807001688447448,0.0003085489968995996,91.20154574792701,2.3103333864455635
24,7.0,0.2271251423599567,7.58658,3.2960500708397666,0.0,1.7763568394002552e-15,0.013119919845247909,0.0013278331604208151,159.65734189011854,0.998486932609748,0.0010077669566451787,4.292533272270906,10.01823084064381
25,60.0,0.8036467661093549,60.781193,3.339580624280479,254.0,2.910250200338241e-16,0.02188577182390941,0.004016081008958892,113.80536854764983,0.9914770862670566,0.0003584948789236129,30.88633555985288,9.894529185257852
26,57.0,48.50998520573619,57.465466,1.1051595386410444,250.0,4.732065318999561e-16,0.005228138750384329,0.002828694485629125,136.9932407626638,0.9948169831567827,0.000796547800076349,29.23014144589326,6.53637778222037
27,1.0,0.22565725981285753,1.1303563,1.7422730521657337,0.0,0.0,0.01121120512519048,0.0037346158010413593,130.1358489703617,0.9992535907802925,0.0001447503096200114,1.064804963035107,8.905720237406058
28,2.0,0.06522031403683812,2.3657985,3.3246750428120793,0.0,0.0,0.004284577528327153,7.321561481868791e-05,162.1449824908416,0.9992806586750397,0.00021597108263651354,1.682539544599229,6.786683295858893
29,1720.0,108.52256927131562,1720.6578,1.4631872448890646,51.0,0.0,0.012890291818976943,0.09484377958933463,120.50728533538921,0.9640374324697186,0.00027926358217692513,860.81097198926,1.9730404102647299
30,55.0,0.07943257260383413,55.031654,5.334699258010023,0.0,0.0,0.008382333337969842,0.00302274451028353,79.55964066582426,0.9947185710107584,0.0008829607624552634,28.01318571637121,4.0418765363283455
31,0.0,0.007722941706125045,0.0077229417,0.6097161777099191,0.0,0.0,0.002041273666629841,0.0009507455709568113,192.32958525947927,0.999973239556548,0.00010763526828821294,0.5038480906313365,1.888472653397912
32,23.0,23.92163601704418,23.921637,0.5965938194017102,253.0,0.0,0.010869772814160315,0.0007328501661544233,160.09593723203568,0.9969947388610729,0.00035614025104427474,12.459315377952626,4.594759339161101
33,0.0,0.7716757115792493,0.7716757,0.45646609854354936,1.0,0.0,0.004515235337496603,0.03686171145814713,123.22189272880195,0.9994702810169321,0.0009322552511930285,0.8855729962980907,5.493526574486168
34,206.0,0.295052789779189,206.64116,5.503899555683338,0.0,0.0,0.09259173388109575,0.08515036921933461,130.06914700107234,0.9599771736616551,0.0008070344687340574,103.80057996140839,7.353614493689747
35,10.0,10.624920187500972,10.828243,1.324561736745262,1.0,0.0,0.011641346354880297,0.022981946653544777,134.87354041985878,0.9952658470721599,0.001340583280848762,5.911754674583376,4.858402125959401
36,6.0,0.07810838786109695,6.7000017,3.8109719238085,0.0,0.0,0.01545502289985512,0.002550905963709846,127.54593632900621,0.9981869051715129,0.0008275891194734821,3.849094215923558,9.412589808621306
37,2.0,2.2149140938931424,2.214914,0.981478557150757,255.0,0.0,0.003999903403597337,0.00011087162407717824,154.00756620740668,0.9996875786234972,0.0002764405006458083,1.6073008362583199,7.802363588285516
38,10.0,0.30787951892716503,10.912257,3.678686071165945,0.0,7.357910944937905e-16,0.01999725581493799,0.0030509500787035053,166.89583614195666,0.99660124963717,0.0017459826331369882,5.954429336636089,8.177023152602487
39,192.0,118.7625637842012,192.87282,0.9864703521524293,13.0,0.0,0.029059668873755374,0.04403691654000859,162.60172359481777,0.982762585780354,0.0036729641017391157,96.92779393313971,3.5590522959682858
40,0.0,0.018626691791918514,0.87788916,3.926122456305725,0.0,0.0,0.007205040769107973,0.0004060867606458385,140.92150197433057,0.9996855350769368,0.0017770233215498661,0.9387873483863663,7.847606462339172
41,54.0,0.23887126302370387,54.800243,4.795449332407374,0.0,0.0,0.10745877188689791,0.035076187190252156,120.70424551592916,0.9866058106623687,0.0014154397269341707,27.89342789454799,8.585346467170439
42,0.0,0.019246919162939517,0.26633707,3.1834626147409053,0.0,0.0,0.0032719691613081105,1.377218240606138e-05,85.17819455903383,0.9998576844057132,0.0031257497099673294,0.6330973828949857,5.6316846651279775
43,586.0,110.80338600992782,586.3565,1.6775133664868767,232.0,0.0,0.053857041915261264,0.16695088673741773,191.6013720459048,0.9438861919016976,0.0024552821353722603,293.650188221967,0.2538412694557337
44,1.0,1.051785814619894,1.5370029,3.320298547810444,255.0,0.0,0.0019241391951867449,0.00028797457713092154,98.58505073919142,0.9996159110427671,0.0004284955114099393,1.2683094444806104,7.861547392814828
45,18.0,0.17453814311058546,18.849974,3.946483827862004,0.0,0.0,0.017785299396234522,0.005406571738835035,105.33664361034774,0.9961768984630258,0.0004937962610325027,9.923074847812234,6.9712268709845375
46,14.0,0.17086238592547304,14.318405,4.11777021767753,0.0,0.0,0.03995486679108414,0.0019285016583981565,128.51661952657926,0.9964003655380294,0.0004441526022381543,7.657403652816796,9.617579905072489
47,4.0,0.12120144878234246,4.5452223,3.7911992514489614,0.0,0.0,0.00534270588502626,0.00046232461714435603,129.08114821219147,0.9988895697532933,0.00048017369158989166,2.7720559949300756,12.193168928846717
48,187.0,47.24846325882132,187.39026,0.6460071969598463,251.0,0.0,0.002897669349977024,0.0035234377856567943,179.97004795749194,0.9568236160436823,0.0001849818488438908,94.17357710734315,6.107134328904976
49,0.0,0.030150604455311057,0.16815658,1.551466315412496,0.0,0.0,0.004007692101188764,1.3520850614764957e-05,128.42934742730287,0.9998496985753764,0.0003191354169793196,0.5840031398337355,11.119100655070724
50,0.0,0.008976254556604096,0.54063433,4.010304916932567,0.0,0.0,0.0008801178869131371,1.2254503068629502e-05,185.5338322875772,0.9998811862637504,0.000873486067254745,0.770257766844954,5.202599924252354
51,12.0,0.055233765394784806,12.228087,4.308594344293819,0.0,0.0,0.0049148187982500785,0.0005831324056289207,121.0083070335276,0.9981935583590756,0.00013745866522851263,6.613141333497921,8.142215070660313
52,111.0,0.5759210190054743,111.35419,4.5018270098573385,0.0,0.0,0.052851676328199475,0.028242835908658347,103.83074238263237,0.977760016394787,0.0006280930526556463,56.16597525077611,8.93958189683326
53,4.0,0.1617225120221253,4.1274667,2.7721271382017187,0.0,0.0,0.013219678642131333,0.0007970113657139474,124.03574955707394,0.998690540881278,0.0005656804928994389,2.5630786075516023,7.359718186278769
54,7.0,0.0699309411428264,7.5264525,4.5674799449151635,0.0,0.0,0.005931474154580912,0.00035126200901054754,159.76752775242892,0.9985408675535152,0.00017802809049061503,4.262496804689926,9.945404947502539
55,20.0,0.01835178757506016,20.004288,5.762814474793099,0.0,0.0,0.07899210967767178,0.3446848433312773,39.54227835984573,0.9911719233634464,0.0190155053284753,10.49773000222358,4.198133393405442
56,4.0,0.02430182040782365,4.661724,4.776573828211958,0.0,0.0,0.025966670337660112,0.015513126477781289,76.38446394519308,0.9986271648168034,0.007514638054789579,2.830175527386085,5.7493864663729255
57,23.0,0.043521006438188146,23.421803,4.901558117077583,0.0,0.0,0.039818265947083153,0.0067702398196354,119.8792009031811,0.992987617875203,0.000508731725778809,12.207394980283768,11.920109836704796
58,15.0,0.07852593523605089,15.296952,4.685701829821639,0.0,0.0,0.02821072305406285,0.0025250275054788606,147.4364962683044,0.9952228032076226,0.00032643312232658386,8.14608762704901,7.2361563508166
59,13.0,13.268899664623074,13.2689,0.6927573336177909,254.0,0.0,0.00548369604714118,0.0004149860678421604,187.5842694106673,0.9979846362695353,0.0002222969025754395,7.133442150446305,5.140956832026859
60,0.0,0.030658816549143104,0.030658817,0.7069336247657758,0.0,0.0,0.0041800882170812195,0.02118142750098577,102.89855168374372,0.9999028443269092,0.0017974183258680893,0.5152808304380262,7.085276292687922
61,38.0,0.07983709013150259,38.50023,5.315185160413941,0.0,0.0,0.021809977611191817,0.004692645592254185,119.23794841642648,0.992584416063031,0.00037785144294493915,19.746407391498558,12.250319874681736
62,4.0,4.77946628567823,4.8380785,1.2408575085327256,254.0,0.0,0.005095262311624542,0.00019993835643399637,158.85082441595753,0.9994156200132946,0.0004428719432873374,2.9187470160603977,4.794539713624545
63,631.0,112.5145661219321,631.6444,0.7599714588994283,28.0,0.0,0.012766543849403574,0.03809046070563075,117.71781805841793,0.9749065681957099,0.000349272149858262,316.30964016222606,3.6891858616763784
64,1.0,0.1556221090275031,1.4239032,1.8399729821332413,0.0,0.0,0.005234462428724941,0.00020383493726662058,189.75294273670625,0.999784871789924,0.00043296017031648376,1.2118440376566173,3.8016063442519226
65,3.0,3.022647246030174,3.0226471,0.8234627091296819,254.0,0.0,0.005764893028263663,0.00020669767223160894,151.57897339433399,0.9989061953735753,0.0004072761835955215,2.0107767207018745,8.197264274018835
66,85.0,0.2988753969736596,85.30637,5.074719471285903,0.0,0.0,0.03938761865231415,0.02099216660668497,106.35906828862684,0.9824997456306283,0.0004183317921028234,43.144435002649054,11.094280547593371
67,16.0,0.09904866480059762,16.485703,4.779638281905275,0.0,0.0,0.01031757485808674,0.001990418346303018,129.45355173435533,0.9972699420439541,0.0010179916622194334,8.74148645652694,9.561652927775867
68,557.0,85.18248867242859,557.0009,0.41824197265169316,36.0,0.0,0.019807812486749957,0.03050411153340134,132.13809692103752,0.840584859493763,0.014952424359693592,278.9207565108663,0.3129438294272404
69,1.0,0.06311333787408271,1.963985,3.325943249540083,0.0,0.0,0.010750830087562195,0.0001412779346572991,101.03423867183757,0.9995626393216878,0.000265621757309273,1.4817737850953512,12.00056151127501
70,15.0,0.14703297398122095,15.763915,4.144004484794118,0.0,0.0,0.026423463475234606,0.0011625680444775934,115.25203155752517,0.996073148671197,0.00019011265584621705,8.37999414760233,14.228887123957975
71,842.0,107.75438457107673,842.7801,0.963551919958186,28.0,0.0,0.02205341597964937,0.06192781272150984,71.44536571098537,0.9530649918207519,0.0018279971930742517,421.8665458035553,2.7548808061837917
72,1.0,0.07355301798646677,1.4521171,3.0887769233787186,0.0,0.0,0.010262291815901815,7.008342287856459e-05,138.68869706885948,0.9993725469948888,0.00011506537262156256,1.2257448018073334,5.966368036329186
73,62.0,0.09948732623762094,62.12129,5.311364253948401,0.0,0.0,0.010689838182101789,0.008962073341424391,155.85957501879554,0.9918052959032755,0.0005445863860808003,31.55657461931822,10.104892536532134
74,224.0,0.23413447547699173,224.87813,5.610254823556641,0.0,0.0,0.0304372802872321,0.02862932386766092,149.0235845115933,0.9718048170550506,0.0003358296883582573,112.92495864766137,10.547537618782371
75,196.0,85.89508346415326,196.20041,0.8554546446480434,11.0,0.0,0.012724370210330176,0.01439854414148618,80.17529617054183,0.9386032336101393,0.002289704265244437,98.56950550825476,4.279276298737386
76,78.0,0.13714216659943596,78.37733,5.369156867579376,0.0,0.0,0.018913594779080882,0.010295315830061985,147.0088136291912,0.9915602509458715,0.0004494978902711799,39.684449110323044,11.183298550313339
77,64.0,0.34939133257588056,64.90648,4.4043015614361245,0.0,0.0,0.0741778956458177,0.02912814009189833,115.72186817138798,0.9862443973779287,0.0006279200316811063,32.94636262811832,7.347162554076931
78,14.0,0.08575158456236444,14.518382,4.494190709791616,0.0,0.0,0.009602746288879893,0.0007935071304280017,98.8864833352644,0.9968704349326475,0.00024978173849194346,7.757626445594765,8.011146248412842
79,27.0,0.20376175548589343,27.975601,4.238933915090851,0.0,0.0,0.01543177790128417,0.0027832923474608584,125.8078640747175,0.9956724539695372,0.0003304657430388175,14.485636919939726,12.697317255471717
80,1.0,0.008968756221503475,1.0700758,4.419615937473454,0.0,0.0,0.0017602997412899826,9.649640939586478e-05,65.3441596821041,0.9996164640676719,0.0009287409257516927,1.0348461077310525,6.133668091866639
81,0.0,0.18023394528975942,0.59394234,1.690910548268404,0.0,0.0,0.008098563170553108,8.960653198236527e-05,107.14366081145369,0.9993484683155072,0.0005630493311720601,0.7966454156864464,10.439264296801412
82,47.0,43.40208566749978,47.57204,0.561182701693362,249.0,2.914565445937865e-15,0.02327343347479054,0.0031865150905077974,142.5630603309151,0.9956411901746317,0.0003104413457992227,24.283841451762314,4.087179939975613
83,0.0,0.0907449405731549,0.09074494,0.48745455620061084,0.0,0.0,0.0032278491327524575,4.241027239996142e-06,139.2007126210375,0.9998148809420718,0.00027714770767011917,0.5452799107576134,10.823353058194698
84,123.0,0.20633857529402308,123.80673,5.460184145356584,0.0,0.0,0.0905924681684702,0.10209734110255456,90.35758145945977,0.9667782819088342,0.0008371209533642099,62.38675667651849,8.883167333508027
85,69.0,0.10371292417009616,69.563416,5.299405464174166,0.0,0.0,0.007390742264028072,0.00436274048830933,105.51787041063108,0.9899564252695252,0.0004727163284740922,35.276688116048085,8.720889867166989
86,62.0,0.10480157606780327,62.090023,5.659990160966036,0.0,0.0,0.028059628475278577,0.00558682957786735,77.72103096910703,0.9918362753615019,0.0008176123058536631,31.540929663543167,6.901894739443378
87,323.0,98.81672995388233,323.60312,1.338264155066146,244.0,9.197388681172373e-17,0.007194096161293517,0.015642772917579373,142.27839591269046,0.9721774998600969,0.0003360459958169484,162.28765213641208,4.605946878296891
88,816.0,91.11186114705637,816.03564,1.0030554704697112,32.0,0.0,0.0068795594551415195,0.1000911647071647,100.42330763663722,0.9582137323773741,0.0003281501024718377,408.4969134265629,6.263368187312153
89,0.0,0.10112011083036185,0.101120114,0.2670055035119012,0.0,0.0,0.0018895048515293613,2.7460232931164625e-06,203.86512767300218,0.9999013061925398,0.0003522587879837798,0.5505107085114508,5.497409131852692
90,34.0,0.06844399598655382,34.98987,5.019075969121664,0.0,0.0,0.010067117387830742,0.0017393106129898657,119.61055798217066,0.9944408682808107,0.0007477167863510224,17.992155442388377,5.780763106660743
91,13.0,0.038159612873492586,13.02398,5.081604319766934,0.0,0.0,0.010352604590892659,0.015377305880584705,145.37227912748938,0.9972424941465455,0.0014945709135114125,7.010611415288958,5.86786899343133
92,5.0,5.749478125724825,5.7494783,0.5174554746709045,254.0,0.0,0.01741932783252945,0.0004323024453348223,89.66117531808437,0.9992633708540484,0.0006169557054602323,3.3743707482894365,9.145672639415352
93,13.0,0.12153432256443097,13.199176,4.398910847806947,0.0,0.0,0.033311401726029345,0.0019264991779134077,139.6032235906476,0.9963670526423841,0.0005493922325065739,7.097771270998435,8.63410400383782
94,37.0,0.039200710914272546,37.134106,5.621744146316358,0.0,0.0,0.011783419519649814,0.001183243610211603,157.17502328337568,0.9941492812145893,0.0002064925281838202,19.064124557355047,6.538756560883485
95,12.0,12.178231590740268,12.178231,0.7822766640222442,254.0,0.0,0.005401780484313856,0.0005735968018100304,142.86579261229937,0.9985425544306417,0.0012830473715141244,6.588387072585455,4.765604270600306
96,1931.0,88.21349009248884,1931.7644,1.001858075510876,42.0,0.0,0.0218395897072029,0.1472325880583821,108.96666069511234,0.9246977913812825,0.0003027552123705956,966.3446267275247,3.555597571845283
97,0.0,0.07751908721133247,0.69117886,3.4236724946885224,0.0,0.0,0.0038141494196115896,3.435778026501059e-05,125.50021456284969,0.9997885811068972,0.0007506198471530259,0.8454837055268822,6.367817027225101
98,4.0,0.13632991233929415,4.229095,3.1726036113400706,0.0,0.0,0.008618640696505092,0.00032763704855037236,92.22952798780457,0.9992678195329915,0.0004906733352207415,2.6141813659959756,5.737379640540894
99,5.0,0.2669177989302714,5.677126,2.805942430786971,0.0,0.0,0.01203649592006655,0.000323928487114717,105.34409084666015,0.9978280514797716,0.0002603624182438991,3.3374771985698226,7.2478915215760935
100,37.0,0.07656622148921761,37.618725,5.331418268592464,0.0,0.0,0.032201381291822456,0.011539822789262435,144.73946526133568,0.9934096057548262,0.0007436105133838696,19.306064739363997,7.710756071202923
101,5.0,0.03837539480077745,5.417141,4.490911003709144,0.0,0.0,0.0020976931605716123,0.00021177559168662096,112.71019187436883,0.9989151195305155,0.0004828674712871969,3.2080281531811954,8.767844001122285
102,27.0,0.24456421410299295,27.145897,3.8487540528312154,0.0,0.0,0.010228415352771783,0.0031734663943725734,145.75866257220667,0.9967369449743329,0.00020717948135185843,14.071313145104686,9.516028847778216
103,1.0,0.12115562230796455,1.2392815,2.4739170541848994,0.0,0.0,0.007314108871289557,0.0002857275825391988,103.2314999608185,0.999474721241139,0.0006717186083318201,1.1193781060608332,8.927551774628228
104,11.0,0.0865692621676781,11.511711,4.511037254768216,0.0,0.0,0.017831410829228324,0.017906621893958734,118.28855646871722,0.9967907058146729,0.0003478328076048189,6.254251111351388,8.918458536500111
105,22.0,0.017388133150550107,22.873503,5.770466096384187,0.0,0.0,0.04617054572400828,0.012314355259768582,142.06599901164728,0.995050969517643,0.0028219850440480095,11.93427677654412,4.64684976044191
106,130.0,58.62537888891583,130.26863,1.2182683933922667,247.0,0.0,0.02522692778972856,0.012496602689818321,142.2412536391166,0.971705246793926,0.0008910267918924776,65.62016722850379,5.278774791280739
107,219.0,64.21057281344763,219.43896,0.8729449831886941,233.0,0.04866131710163706,0.02601007230258049,0.007886737055813924,142.19897009781684,0.9621026771089956,0.0002174415620875648,110.20053033857837,5.897889649204444
108,66.0,0.21322707660387147,66.31583,4.7319711102898765,0.0,0.0,0.06415731603542958,0.01811694451706388,74.4773966916359,0.9863075510525836,0.0003666006155124321,33.6510676226958,8.557302236356918
109,17.0,0.06134700083070798,17.794888,5.1876625069838935,0.0,0.0,0.034236058627322964,0.012702833733365537,61.19281129959548,0.9951402960993774,0.0002900929542361465,9.395013761786151,6.488273490927895
110,5.0,0.025818614448660297,5.7951646,4.835395272123684,0.0,0.0,0.029180143529098226,0.0006520228674848209,57.462620093504185,0.9989589711583116,0.0012997610153597972,3.397061830090351,5.618084554778761
111,312.0,109.47909455201084,312.6076,0.9415390682731725,14.5,0.0,0.0168072333697867,0.04534217668549498,188.24571868027516,0.9461196103014547,0.0020302794414707144,156.7768642489294,4.3270668220939115
112,1.0,1.0039221311927662,1.0039221,0.21352405027188934,255.0,0.053887477538330446,0.006417664035839548,0.06277797217576432,127.29676444886428,0.9996528848379205,0.0003839925901170214,1.0017875080153433,13.542439101856871
113,277.0,76.1503947089062,277.99225,1.372456593223384,238.0,0.030465957220052492,0.011660513055477382,0.01760988268263627,105.4006153666825,0.9781161471288163,0.0013754332800388737,139.4851785385939,2.842495396245795
114,1808.0,61.423947559005406,1808.1481,0.2793320832338276,218.0,0.0,0.016465142219895975,0.1007339579710515,217.5742285267155,0.6951016079728257,0.021759505587804463,904.4216534204653,0.029625504626892507
115,15.0,0.2140279400663861,15.3505535,3.5886601668484865,0.0,0.0,0.010885789585310425,0.0003891288968534756,196.25703495316452,0.9966449901469796,0.00012917046076116746,8.173599362311643,2.5881207573620486
116,10.0,0.18851251840942562,10.322221,4.010203194295353,0.0,0.0,0.027552907538507913,0.0018859947856167088,107.8489551036721,0.9969915259143505,0.0005323436790827968,5.6596059514309145,9.628495434008073
117,120.0,79.38679013419342,120.11638,1.0626758672650893,241.0,0.0,0.009160884949629093,0.0059316291738612135,123.12303017240836,0.9832449156913823,0.00046304525926229147,60.54980886154518,5.221544147974782
118,16.0,16.17165829275817,16.188778,0.8975569107049703,4.0,0.0,0.005722517687800546,0.0008305009926523765,145.05636231560553,0.9969832060131555,0.0008243009107828241,8.592880904538474,6.719619573555974
119,86.0,46.09119600333056,86.12355,1.1302673526428264,3.0,0.0,0.011584828028452716,0.003332403350964328,169.46172909242298,0.9861834960269255,0.00024202504213047892,43.5548629386879,4.8662626601799275
120,3.0,3.6315228555041283,3.8049872,1.6679417518531834,255.0,0.0,0.006006490090808443,8.595425471746481e-05,179.84024368115146,0.9992164636234873,0.0001350741558570357,2.402101862682347,6.566963680360459
121,55.0,55.91466228687545,55.91466,0.9807819343044826,249.0,9.197388681172365e-17,0.02221830429049346,0.16315015821019427,120.03119454026226,0.9662659497943674,0.0013315169222390371,28.44046411833491,3.8823133150845024
122,0.0,0.013081916648733951,0.03727913,1.4954330507997466,0.0,0.0,0.0029388687563499495,0.00041678605279442106,121.81495477351334,0.9999610607654265,0.00017933372566857796,0.518620094737255,3.340210083297677
123,0.0,0.0811178025851939,0.3198957,1.7496116568876705,0.0,0.0,0.01123437728948561,0.0005505871838716002,70.14507044768553,0.9996325198074619,0.0019720625192165657,0.6597641153678908,6.660389058701185
124,15.0,15.907343527013252,15.907344,0.41413520615606775,250.0,0.0,0.003801228388230663,0.00021942845789576381,146.39839229277854,0.9779260412174824,9.759106766939166e-05,8.442634784115366,3.39136573264841
125,13.0,13.275917769461529,13.275918,0.8694025205868327,252.0,0.0,0.00738903130164835,0.0013025103108221798,133.63163982049963,0.997544318908883,0.00044609374061372947,7.136731044185206,10.586927784983345
126,29.0,0.8881613746662238,29.45485,4.388733336014335,0.0,0.0,0.05259449008835198,0.0012499587720392008,128.13523503609971,0.9950778164970633,0.00042110168393681783,15.224962786430474,7.840502028586343
127,0.0,0.0343157351874491,0.034315735,0.6829942181625901,0.0,0.0,0.001339675446706509,0.00024093579690995964,123.86354846042092,0.999925990857145,0.00020545800573109786,0.517120863022297,9.385029155400844
128,675.0,110.08945567982417,675.2914,0.8217486769133089,26.0,0.0,0.010053798346241505,0.0999391690169991,136.61844872868232,0.9619522099485741,0.0006868481669136046,338.12667170397464,6.163413133384893
129,360.0,154.98502953510393,360.4377,0.8104471761036977,21.0,0.0,0.03855178200158888,0.015915324105982304,150.74319670782143,0.9839766630379683,0.0011263941943644952,180.71085408046096,0.6606511519621563
130,4155.0,120.1986749271811,4155.86,0.9706708621508842,64.5,0.0,0.008826152640190188,0.33167308460652306,148.90236414255008,0.8161272589895064,0.0006394659398498724,2078.337418199748,3.6022693262493704
131,15.0,15.153268461046238,15.153276,0.7823559685917745,252.0,0.0,0.006700513371600561,0.0018339877554618257,151.2301166619485,0.9983900028494147,0.0009160477433153377,8.075829231947827,7.939385488606149
132,11.0,0.029810622023011404,11.488661,5.128480125852755,0.0,0.0,0.04697944611467088,0.009699789948043961,147.12797888104927,0.9975534008043077,0.001174548330494734,6.2431077479190416,3.646790946840838
133,1001.0,118.12086478744763,1001.38916,1.0521976585425534,31.0,0.0,0.015450820131117734,0.09762337824997376,125.87746831896725,0.9510144368055922,0.0009712373977884359,501.17006734389247,3.551598341055069
134,21.0,0.09963494198334266,21.827353,4.650268805442468,0.0,0.0,0.012391936212799094,0.007513841983553812,104.84952078252505,0.9953272458107983,0.0005984901609722863,11.411340350247995,8.185702160422807
135,3.0,0.12892747658372658,3.670326,3.599033041429579,0.0,0.0,0.027586355206271066,0.0007483345345032278,187.8185551666864,0.9987615956037827,0.003006202579395269,2.3345438067930253,7.03063559365205
136,60.0,0.11214656875899588,60.074265,5.6139352929374535,0.0,0.0,0.03513523909676134,0.007845701494476201,147.42791378882302,0.9889671271914643,0.0004720576481926873,30.531616104885284,10.824123292972217
137,2.0,1.9907327455153543,2.7815385,1.964378742854597,255.0,0.0,0.009640190004281712,0.0004110011854370929,143.1175213873935,0.9991327916307394,0.0010487138584053173,1.8903356265846005,7.8545467075455235
138,134.0,0.5460940560377708,134.21523,4.326742108396806,0.0,0.0,0.09385221997991257,0.0064537113012517,159.06052989647299,0.9675978680450009,0.00012149515758554642,67.59140877258919,6.596907616127282
139,3.0,0.20236148697777195,3.6599927,3.296504950252682,0.0,0.0,0.00630117466220049,0.06513565906113644,115.2472874626599,0.9991874889947046,0.00038518573050329806,2.329590091250751,6.954294383584056
140,71.0,55.14450849589555,71.27787,1.003014707067906,15.0,0.0,0.006158589695800945,0.004594695029308066,110.79988290770794,0.9861446706903917,0.0006806571896700478,36.132008446540226,8.685240881184654
141,0.0,0.05354227089736375,0.61649626,2.75889190715975,0.0,0.0,0.0025809098540853447,2.0813819049373546e-05,149.20810923557332,0.9997609720010691,0.0003667243791055437,0.8081286137872103,7.596505736379186
142,55.0,0.10501833933616676,55.594257,5.411355628956234,0.0,0.0,0.004987015391169775,0.002416428181504498,165.74059172572086,0.9953810973847297,0.0003260617757261517,28.294820878182854,9.46615830087103
143,639.0,109.94831866844102,639.51086,0.7841254632307689,237.0,0.0,0.016584252941777306,0.11337948607476507,89.38713812416341,0.8307778766776688,0.00030213696638159144,320.1708460658737,1.7201881788205355
144,69.0,0.23935459843370524,69.47449,4.847998918142315,0.0,0.0,0.06127163372640281,0.011582309732687136,123.15913876929756,0.9845836956048757,0.00037382593681861166,35.22952990257555,10.924911940819584
145,113.0,109.90259755676422,113.00417,1.0444904928027277,10.0,0.0,0.0059212132918487845,0.011040492465642699,103.4564954358964,0.9959628685736948,0.0006111615794987498,57.00008167458154,3.8733154230881155
146,5.0,5.518410298985412,5.752107,2.0934592144399993,254.0,0.0,0.005431316391520035,0.0003446246555214891,109.80900194365287,0.9995089739815102,0.000845580258433558,3.3758079801855034,7.934148111529794
147,1.0,0.06836214828140234,1.1370648,2.8358893274502934,0.0,0.0,0.005771638249636701,0.017648684172631202,113.43276291502853,0.999308573299739,0.00022624043031073166,1.0681867154822118,7.880161735298316
148,311.0,0.6325278255408091,311.91916,4.906590276272389,0.0,5.360630966617856e-16,0.07789791241113295,0.054011355254851574,134.8980676817127,0.9511084083494754,0.0004135196898133974,156.43511579102852,10.20029965887079
149,19.0,0.4102629496140451,19.196844,3.2419741981018273,0.0,0.0,0.035135380635774226,0.0026768818269350216,117.25794537782758,0.9958291487166043,0.00042433489771563176,10.09633630039314,11.618751295027323
150,34.0,0.15478851026616539,34.643005,5.136584381474677,0.0,0.0,0.010485831294272175,0.004126063219564676,120.1367864734036,0.9933413966206852,0.0004523921614058018,17.818173213464803,10.429624082753435
151,5.0,0.06980567687170908,5.250288,3.5409961283434406,0.0,0.0,0.0027894378238158893,0.0001688891007061554,184.36180250312466,0.9991591152655884,0.00013675066845163144,3.1247235073970425,5.453566744283307
152,0.0,0.0585614020992465,0.8937608,2.2712510713241696,0.0,0.0,0.0026498887219553475,2.369888432962132e-05,177.94376432374696,0.9997100943007448,0.00023789623252024392,0.9467354451922999,7.766368454704207
153,177.0,0.5498330053765111,177.84268,4.460531902412727,0.0,0.0,0.018688147424549165,0.005055623434338844,177.26569412222295,0.9747978828622472,0.0001425316228367851,89.40875007852068,7.029047558782622
154,4623.0,110.16144578313254,4623.962,0.7566610768053902,71.0,0.0,0.01633512019906294,0.3423408678037201,181.57323409281682,0.7055415948080916,0.0028578574221805038,2312.3336936377013,0.7057184220757335
155,171.0,96.73193186843622,171.81279,0.8741952365583018,245.0,0.04278845946073015,0.0051245073885213144,0.008421122378319091,121.05076138370528,0.9800696846721549,0.0003169534545122629,86.39643881623059,8.855258232135384
156,31.0,0.15478937210685936,31.847233,4.6656210109642275,0.0,0.0,0.02916696868052146,0.005503563434611191,122.22030407004605,0.9936400597634729,0.00045549239930832685,16.420436280323113,9.41945396043593
157,6.0,0.014704457833659453,6.0772033,4.819217952761891,0.0,0.0,0.0046639926386682915,0.0001710966866493651,217.9189636090404,0.9987460322838011,0.0001617292979024148,3.5379746396380356,2.5173496101924684
158,17.0,0.1809390215673046,17.547413,4.085448500269518,0.0,0.0,0.010517644587400541,0.0017165199002705796,154.70808478606395,0.9972002950376697,0.0004002974284490463,9.27230667310738,11.738532882649451
159,46.0,46.90269305162922,46.902695,0.6379631975380399,251.0,0.0,0.01444323092070074,0.005104144950191005,136.92264590080407,0.9969784528387642,0.0005706158938531308,23.949835752233994,4.4527252718144155
160,0.0,0.025038818297848126,0.55365056,3.388985608320206,0.0,0.0,0.0063947425560730116,0.06041446355380879,69.29456958274531,0.9994940221355029,0.0019620278423398523,0.7765722840152594,7.351195800743881
161,1476.0,133.418450999736,1476.0724,0.820018153070869,35.0,0.0,0.0185180386829785,0.25775192520993195,129.9006678165808,0.840762070721299,0.009901133420501203,738.4565760174594,0.25082858091263915
162,14789.0,64.00104177665153,14789.217,0.34986266078645606,136.0,0.0,0.020945792595780523,1.924274281480917,222.29339052891424,0.556172210050616,0.007892352507484457,7394.886539981771,0.01872107945382595
163,1.0,0.09732146959278375,1.2923044,2.8859374053967737,0.0,0.0,0.0035209262802559636,4.865144974452576e-05,174.78188003112174,0.9996047428556091,0.00025937655153643373,1.145954568312807,8.377966566597024
164,15.0,0.13823513812568378,15.337229,3.8650056990628903,0.0,0.0,0.025454825238363156,0.0007795466112980029,130.2588849657759,0.9951357801815351,0.00011510972904244777,8.166181293128243,10.191681364478427
165,1.0,0.2647785876861909,1.3888214,1.5958600682676263,0.0,0.0,0.005858896558657891,0.0033985151811321006,126.69218292820021,0.9993201426997901,0.00018096003047298568,1.1940707429336341,7.641646048738039
166,6.0,6.038068244413953,6.0380683,0.6172515494247295,253.0,0.0,0.008417109738390865,0.003897087529756111,136.80244986594198,0.9986904046552035,0.00019767996743986016,3.5183793245345782,10.936899549073132
167,0.0,0.28773399062115623,0.60015714,1.391253087998016,0.0,0.0,0.008795311682119136,6.477938235787931e-05,143.3512839321102,0.9993036063969827,0.0005659415521082476,0.7997303606246906,10.114306958965244
168,30.0,0.15613205682433895,30.087202,4.719739242888052,0.0,0.0,0.019378188338019825,0.03598942530346156,112.19650304675353,0.9952700863515362,0.0005539648641600647,15.541235793826308,10.757935130619444
169,13.0,0.13029475600364068,13.4205,4.003900325292834,0.0,0.0,0.025162455150253726,0.0010667579691307691,102.31934799768817,0.9963507349467893,0.0002869633014957394,7.208425314963418,12.409019380886093
170,18.0,0.1261041394404119,18.506542,4.420600855105497,0.0,0.0,0.014193147364642344,0.052783360729259786,88.8758650732419,0.9955339987234748,0.0007125568692393881,9.751038086260069,9.110399371798849
171,2.0,1.3582778291055997,2.1635826,2.4040770691053064,255.0,0.0,0.012576588197479484,0.00023365928694293813,127.00671616575781,0.9996582294845129,0.00037432649002392147,1.5816203428863056,7.155915954277589
172,2.0,0.18832095128077408,2.1167927,2.807593084642617,0.0,0.0,0.005419502919594527,0.00012735374633453521,86.11718411946951,0.9989441516305316,0.0010155902471527783,1.5578683792161794,6.3219094677770045
173,314.0,69.66392313578777,314.57785,1.2005907515515273,8.0,0.0,0.026592074384135564,0.024669495926575875,115.26633851440975,0.9928974809990683,0.000141660143334744,157.78540772924768,2.116232486976969
174,37.0,0.057481055195732676,37.37655,5.490744403153425,0.0,0.0,0.07298622421949275,0.017908645991818604,129.55378149078183,0.9915957011068018,0.0009601414596671329,19.18407206847968,8.265574843404465
175,52.0,0.38914174757281556,52.988014,4.358515653201999,0.0,0.0,0.06444864403436709,0.003639381870658053,96.88694068561553,0.9891956379064472,0.000290573335289258,26.98860887197787,9.657275303736242
176,34.0,20.654537413051344,34.25174,0.8787892793860773,252.0,0.0,0.03805327942187553,0.008934105989726455,197.5105889921406,0.9889108218332021,0.006945379093079385,17.620324897467203,1.9933339313574834
177,86.0,0.060975307724694755,86.61797,5.514894415633398,0.0,0.0,0.03816168070147329,0.015643530148420997,173.5437662773458,0.9877699791192693,0.0006614730205082893,43.80287277963814,7.362434857088374
178,196.0,95.46519978556474,196.14914,0.8113815968041554,10.0,0.0,0.009370874912525024,0.00820603595775751,156.50717249484887,0.9813934219302783,0.0003191436232214121,98.56525342673389,1.7633634101057396
179,7.0,0.06993889562696902,7.323585,4.24002632581527,0.0,0.0,0.011249922690972611,0.0031441121899980456,136.2097370985301,0.9983936509726098,0.0009778396741013623,4.1609900102152695,9.500577416949454
180,0.0,0.1071283809560142,0.26216596,1.5911552422503554,0.0,0.0,0.010075506771773225,0.0001508401026818055,131.07861565657817,0.9993917715195457,0.002267747703750544,0.6307788646252213,8.648957893388797
181,3.0,3.60854629241726,3.6085463,1.1797809263914318,0.0,0.0,0.019874371391784072,5.4872809388744225e-05,222.605591178798,0.9992028154908761,0.0001564969560084585,2.303874553954068,1.4750578340608627
182,0.0,0.09630467059160278,0.3101243,1.3847393116019717,0.0,0.0,0.008342894600890752,7.730983876881391e-05,181.19962973824525,0.999694756803169,0.002773286733339805,0.6549095369517057,6.652219298779755
183,118.0,0.16661481435390538,118.814224,5.5220518932133915,0.0,0.0,0.06821529059622647,0.16751550526577477,88.86324943367684,0.9763690663653081,0.0022770249952443642,59.89529748529778,5.881950191399483
184,1.0,1.8099876896607983,1.9049108,0.4769028815058902,254.0,0.0,0.004863244242193399,6.957235495784853e-05,194.4596400425409,0.999398120680304,0.0002098008796049883,1.4521544539002131,3.2416479618955236
185,0.0,0.014341590612777053,0.5115677,2.990323331792973,0.0,0.0,0.0017522583059969828,0.00010036853940197947,180.88071844820945,0.9998907193656673,0.0005569124932733183,0.7557292149746168,2.6419596852301765
186,19.0,0.24882352060149476,19.720575,4.34660385100961,0.0,0.0,0.04718807183837071,0.01013558670289383,138.74841314410054,0.9946202368756581,0.0015755485638410053,10.357597386099997,8.85972612506339
187,5.0,0.26945201744820063,5.3573475,2.98448790016591,0.0,0.0,0.01065160797115783,0.0007686319408819364,95.48289552462211,0.9977292346234529,0.0002609416507382859,3.177538281433864,10.229700813855743
188,10.0,0.4207213658463046,10.223457,2.68027060366727,0.0,0.023905790652985582,0.011806256542316661,0.019413174173875652,132.48566261917273,0.9986823629790037,0.0003079019993129746,5.6110699720521975,12.227739249297883
189,3.0,0.24786031852553117,3.5083346,2.7629448476538236,0.0,0.0,0.013123903510661464,0.00040368027959591474,75.49038911395445,0.9985592564909639,0.0006106434691425733,2.253446944026756,7.871962643894221
190,22.0,0.1419601066410383,22.296682,4.6238092840011635,0.0,0.0,0.010603454824878424,0.0014117467405352544,124.77923987773988,0.9966097035241176,0.0003338043508968885,11.646645862818906,9.00606321331361
191,305.0,101.11482293635791,305.51474,0.863428431920452,19.0,0.0,0.014191342538529807,0.015072270414224402,139.04915117684126,0.9934997384476416,0.0009950128627601584,153.25413613261387,2.9276698183457484
192,78.0,78.07529557277456,78.09354,1.1264353103245648,244.0,0.0,0.021361087556873052,0.0025107192451104747,127.98973146763161,0.9817713153777978,0.0001855158775100388,39.537660003790975,4.273024782229186
193,9.0,0.29070668552801526,9.089083,3.4220919772386824,0.0,0.0,0.0232711395311259,0.003276160426524647,160.90908506781767,0.9964785218825438,0.002244311667883609,5.04278074565743,7.725924879763625
194,83.0,0.3069485057278597,83.652145,4.7652034421131635,0.0,0.0,0.08903917765107407,0.015288496475986207,102.14275552849709,0.9822013643946803,0.00031843809919081966,42.31717105578491,9.946682257461362
195,78.0,0.24652499757109977,78.20375,4.909820023549727,0.0,0.0,0.013367419077581627,0.008587572413017577,126.37009936123376,0.9892173473861106,0.00031001919749409045,39.596486799855164,13.599339408800006
196,35.0,0.03662620748398088,35.282032,5.478261091084494,0.0,0.0,0.010447985373863499,0.0033316327451560672,71.46468830790732,0.9952926741487517,0.00028070236246278534,18.138663043425886,6.240812441523303
197,4596.0,127.27056222303419,4596.845,0.4335155674190828,195.0,0.0,0.02767759263168126,0.5046662465310826,137.66211301481908,0.674199839566356,0.007443618510810721,2298.760017933218,0.20785122308006976
198,19.0,0.11382299270072993,19.472588,4.64119111986868,0.0,0.0,0.04751720373901103,0.0024642818837880033,83.3641637941992,0.9953994985441145,0.0005607728606829553,10.233994635954717,6.369356129973312
199,6.0,6.756178043507495,6.756178,0.7436087917240626,254.0,0.0,0.007197882842197495,0.0001573465642101805,190.06026209641846,0.9982458579236739,0.00038317217634932575,3.8772119507155844,4.780660499935038
200,23.0,0.11282414396601248,23.568062,5.13380210357448,0.0,0.0,0.03714836076174565,0.007273971881345275,168.11499122046646,0.9910630931227238,0.0010984665486773128,12.279562488031749,4.986757088423474
201,759.0,124.11286761458977,759.9958,1.2928119317462163,232.0,0.0,0.009116412024172241,0.04850563854844705,123.50281956039505,0.9723165338801084,0.0007415364842893963,380.4840563504868,3.162661834994651
202,204.0,0.20368042759344454,204.91429,5.559747082691607,0.0,0.0,0.04892111708890737,0.02809205803826823,106.88651043464967,0.9686479732336426,0.00033729037914138237,102.9414914241069,13.17730684671551
203,3.0,0.3351242431656145,3.7112865,2.3916994794631345,0.0,0.0,0.008368858645973497,0.0001106279238414376,185.2095519673398,0.9988592413219354,0.00012304467823548557,2.3550729130326165,2.5053195630243863
204,0.0,0.10764613562578679,0.880521,2.3594467083525488,0.0,0.0,0.012183001088505093,0.00038986150851662407,150.4380360474211,0.9994281025083316,0.0026403413099818965,0.9399745403882014,6.894442064034024
205,17.0,0.3534559202694953,17.446936,3.108300109112552,0.0,0.0,0.00675891084928584,0.00044071016604265855,198.1979303939947,0.996677832278064,0.00016688459875219204,9.221806860562861,5.985799537345883
206,870.0,86.25360248598501,870.35986,0.8921423315843463,31.0,0.0,0.01100027884961971,0.03507571912355573,146.9699371878437,0.9833205131332369,0.0016596466202097185,435.6716053449715,0.7378349742284627
207,60.0,60.90643414366486,60.906433,1.275456972135016,8.0,0.0,0.02659504073857601,0.004087654922369506,101.45790518798353,0.9976716647325844,0.002913837018880674,30.952052904198723,2.0593952713934414
208,1.0,1.2588264744599582,1.3149555,1.616942078971075,255.0,0.0,0.004171676915418126,8.209901438815605e-05,130.71327611646305,0.9997726312751574,0.000456498900209124,1.1573640341899858,10.07868126183348
209,1.0,0.015682628523082786,1.0434098,3.8631943774366815,0.0,0.0,0.007983787379116914,0.01452107287504964,118.77750614325974,0.9996937913780906,0.0008658733047943355,1.0215518283535951,10.416339646479173
210,41.0,32.44709504525173,41.948215,1.123928876448139,238.0,0.0,0.011634932518958432,0.0037786613284710915,112.48613566247613,0.9898317168332456,0.0011998341106544833,21.469020964779794,6.618122832245717
211,0.0,0.05180963017879666,0.6778772,3.0060677496533894,0.0,0.0,0.0017451472069510753,0.0017066135208576643,131.6883771692596,0.9995979559247596,0.0008485033104243596,0.8387375593355613,9.887479743556469
212,33.0,29.21726756553375,33.943554,1.0430826068331867,253.0,0.0,0.01846664060555982,0.006881392278695034,164.84547184683746,0.9934028064433658,0.0010163234111092016,17.468484598199403,4.89908646813592
213,1.0,0.16061519998736756,1.3911163,2.6116645116682236,0.0,0.0,0.011739794031442723,0.0002199504827587296,101.19641969311215,0.9995661938489822,0.000315391542216433,1.1953412140588213,5.460086700561078
214,1.0,0.42068879262316516,1.8923446,1.7493234202863837,0.0,0.0,0.015111500707329476,0.040841390556403026,105.58053320688146,0.9990714533494913,0.0011024891091339886,1.4457080271602432,9.27689977789305
215,42.0,41.7953704904801,42.349575,1.0288323761995564,251.0,0.0,0.003737960841723901,0.0022466736359478393,128.5174292221609,0.9970765342185857,0.000678532298948111,21.67332531255401,7.371854519347835
216,0.0,0.13688089458394684,0.13688089,0.548652999373285,0.0,0.0,0.0072847646589834876,0.006844296609772144,104.92102446747336,0.9996266546865241,0.0002861332729410146,0.5682537746352355,11.538721605296814
217,2.0,0.3592285629970239,2.7382078,1.9811210639286145,0.0,0.0,0.0063792977319584165,0.0001606221334323477,136.47083306245244,0.9992041414754056,0.00023795998263453411,1.8687060149109387,12.571298736849712
218,209.0,122.82773085040087,209.99998,0.9000701985545492,245.0,0.05014133236491679,0.009670222693553854,0.014091251769268329,148.3878417962282,0.9877924079489693,0.0006996214329897241,105.49386740167868,4.312879614109988
219,89.0,0.05681560744831401,89.58966,5.694973936370098,0.0,0.0,0.035995094582656505,0.0052961463731914385,94.22053571237991,0.9881064626358211,0.000327258134678275,45.28888772140144,5.230208558263257
220,159.0,159.15259147220743,159.1526,0.5682993259236878,13.0,0.0,0.019447790374911567,0.007266499936652026,167.47616131083052,0.9973259962694894,0.0007754397377647315,80.07495873423846,2.0653492749479483
221,5.0,0.25496535796766745,5.010514,2.711901940436655,0.0,0.0,0.013693305298512757,0.0006500304137067392,96.29267281897326,0.9983007355028647,0.0002511719901678271,3.0044072675753637,10.208401191302983
222,16.0,0.08031592221411031,16.652437,4.784503131412943,0.0,0.0,0.005436865250843763,0.0009486929013629411,109.61685632670805,0.996685983398203,0.0003120195639486206,8.824561880661735,7.250890560506377
223,6.0,0.1680536565329192,6.0191364,3.532089869326796,0.0,0.0,0.01936692089777374,0.0007773866829825835,105.25794759039539,0.9978925933564083,0.001043348628480868,3.508514557398539,7.542024485894217
224,0.0,0.20992513633005158,0.32139605,1.0858786386170753,0.0,0.0,0.004813782645327151,2.117030719834187e-05,183.85101946485,0.999679619991972,0.00034433450147306887,0.660537840431745,7.2990900057593535
225,0.0,0.03774155401367374,0.09846062,1.4591259884689407,0.0,0.0,0.006798350914179428,0.013532804415575332,137.39922822270634,0.9998335564944583,0.001440472648474328,0.5491470886256475,6.529910500245023
226,163.0,0.6334676688004034,163.7389,4.5691004607392305,0.0,6.280369834735097e-16,0.05890418175690865,0.014516812637835105,114.2174115315466,0.9675432831232834,0.00019974896368959966,82.35321703220357,14.242992791347206
227,9.0,0.1306760847628658,9.949265,4.0896784059461995,0.0,0.0,0.017174404817771775,0.000577467280001112,144.14252471984148,0.9976352370339395,0.00014828928592114786,5.473449938463736,10.25254398904508
228,49.0,0.11427455876682605,49.85543,5.060023130363384,0.0,0.0,0.004146935889121243,0.001445184781163297,190.0150862036195,0.9942608320420359,0.0001561289280539567,25.424842537904087,3.8477237749029882
229,16.0,16.66491382384405,16.664913,0.4470969404910723,252.0,0.0,0.008224863140993967,0.0014551702684255019,115.4315125564311,0.9982406953732119,0.0005796529268829056,8.83157725960863,9.285959980741609
230,46.0,0.024427216681885185,46.59238,5.720439115884999,0.0,0.0,0.023718363720565343,0.003971073413778076,62.57423463014316,0.9926514180401819,0.0005385337453055086,23.792516901376217,5.83477449595739
231,2.0,0.19808052099255058,2.808821,2.380121851322326,0.0,0.0,0.006466807591975144,0.00033607227326686067,176.23760128177685,0.9990183644647008,0.0008677564604533207,1.9039196880023055,7.422430743703444
232,991.0,110.72751899506225,991.3961,1.1454453437368965,34.0,0.0,0.016933483171577668,0.12272183405510353,182.12787366115998,0.9460326143493029,0.0011877633481550184,496.1710110385186,1.1618120208386244
233,12.0,0.21669755870312918,12.705988,3.8634936742094808,0.0,0.0,0.026911505418277748,0.0037881439176662467,118.4278664632204,0.9975577755768416,0.0006235446715096113,6.85177277215639,10.508965756776888
234,3.0,2.966930651119262,3.071241,0.9723496208781015,254.0,0.0,0.005954841369739876,0.00015681274292499208,181.23555722517008,0.9994790591928788,0.00027698549493029574,2.0353599796389306,4.920978847605511
235,539.0,125.25917592742387,539.8392,0.8646158202227063,25.0,0.0,0.013590088979441426,0.030372906385490044,118.94376870665637,0.989931680010366,0.0004677087023060536,270.41456214150975,1.1005013324265747
236,83.0,0.36557595189532527,83.05703,4.671645536697681,0.0,0.0,0.09283189593174788,0.02381051626030739,137.60572836241738,0.9831037498610419,0.0007384358996542222,42.020064423573544,9.593365552185787
237,1.0,0.11090175377033923,1.1029606,2.962465661040122,0.0,0.0,0.005885089332402197,0.00024968451840085254,147.60938473322793,0.9995330556284173,0.0007694432160014556,1.051246819829557,6.159770817772369
238,16.0,0.5456054369890206,16.583109,2.993281200410129,0.0,0.0,0.014648981395806723,0.0016653039082354878,137.98669330977762,0.9974062958600958,0.00035257446661479517,8.790257198195281,11.666604652506066
239,5156.0,92.28323207347228,5156.965,0.8973396599833591,80.0,0.0,0.01494986461887471,0.33995166749019423,149.95830808762932,0.8557176229617464,0.0003419264698067608,2578.9104427040984,0.6596594711863872
240,582.0,97.4341263864318,582.3576,1.4348456133670642,28.0,0.0,0.017021631674172005,0.03943049866606891,118.68730521757688,0.9786963539683281,0.00032059266597039534,291.6681527597289,6.415382538951235
241,171.0,53.425624021368705,171.088,1.0736898311278449,253.0,0.0,0.009551839935936723,0.004819609211000015,184.94601669113806,0.9891157367420707,0.00025266110801730284,86.03856081577824,3.236293506646689
242,11.0,0.14811801781993697,11.431727,3.956194377883519,0.0,0.0,0.017501466881801483,0.0010547332694571827,66.1937141086921,0.9971833519062153,0.0007823159041247446,6.214455293756293,6.110117296586395
243,0.0,0.24145299145299146,0.24145299,0.3400184643910661,0.0,0.0,0.008254443909933183,0.006777668202956472,145.72833353783108,0.9996651472740845,0.00033067568086868885,0.620559069363538,6.5373815921516325
244,4.0,0.14823180235759686,4.396461,3.5203661015189174,0.0,0.0,0.007818524619130582,0.0007015255484050854,87.73616817399798,0.9985881954750974,0.0002892642551190511,2.6975245000970123,12.020646855380619
245,5.0,4.333554944949369,5.8249984,2.5187859950262417,254.0,0.0,0.010631189354750202,0.0011131923916967558,130.434788005243,0.9984950989544192,0.0005761210701422161,3.411746828919209,9.786270429383876
246,141.0,117.24645500272743,141.21425,1.019699236527981,244.0,0.0,0.01675801198316754,0.014603471496037903,54.56809568017792,0.9859593152868827,0.004254392663918335,71.10009436948047,3.4501797749708203
247,83.0,81.77915676066087,83.866974,0.8210552781740003,248.0,0.046781174877111656,0.013379872244993008,0.006787468633309693,108.13041233177493,0.9804696206777217,0.0004289092522961002,42.423720620926,7.03259063904261
248,6.0,6.142982497863693,6.1429825,0.5547668690544265,254.0,0.0,0.009748624316164288,0.0002066299471044501,209.00871006096338,0.9994539281707093,0.0016580583976614945,3.571218213017201,3.2340236475538404
249,153.0,0.44015307223173694,153.20871,5.196288256450893,0.0,0.0,0.012131735179480614,0.013220910495866597,110.85795710053763,0.9728053981337628,0.00023436709567015423,77.0907488974687,14.546038278378546
250,2.0,2.4764070610550792,2.476407,0.7389383321614114,2.0,0.0,0.0079217741653391,0.04022557805757154,116.4487857550346,0.9993745589180969,0.0005878391539990959,1.7378908099865882,9.256034016412741
251,29.0,0.09076,29.698935,5.102869862219521,0.0,0.0,0.015715564788950462,0.005430969042275694,146.51147372763893,0.9945750432024836,0.0006317673654072478,15.346761768176584,11.280527093214914
252,160.0,79.49973064830505,160.68245,0.6916694145320135,247.0,0.04678117487711152,0.013236863226379673,0.008361844242499823,131.43633365194614,0.9806877330588959,0.00031525857982158355,80.83156838830776,6.879121002151805
253,30.0,30.445452637733773,30.48432,1.2151463248896033,251.0,2.2204460492503136e-16,0.014193840961128865,0.005766082101032455,182.035599226152,0.9973948882215837,0.0020628223095071545,15.740861426679551,6.223991391493655
254,0.0,0.13750894579977715,0.6078252,1.6466604779494745,0.0,0.0,0.007921106393695655,7.278772676887976e-05,118.28847922380743,0.9995422549816848,0.0006374296902725139,0.8036837258946399,11.089643955441716
255,0.0,0.009764284698148936,0.3931947,3.4973125613767215,0.0,0.0,0.00140881172923246,9.685346880524348e-06,197.40614321052058,0.999895216942478,0.0003513439855153396,0.6965449612717172,5.587573021213757
256,28.0,0.30811798790565637,28.077913,4.212178175921622,0.0,0.0,0.024611649781677535,0.0026043525482733355,94.25044339445319,0.9933915431250471,0.0005070977024195121,14.535652391368469,10.313521130097797
257,6224.0,142.02299531312224,6224.6274,0.780228799914976,80.5,0.0,0.015574453065557561,0.49543374453459416,130.08543119615788,0.6464574155967332,0.0029137333843904612,3112.6368410754376,0.21821537661890034
258,158.0,0.10987672198856625,158.53757,5.546896347131039,0.0,0.0,0.011179288404958845,0.007327736672862138,141.31974692564205,0.9821148953200315,0.0001443611871365643,79.75983719682263,8.232702274341136
259,2.0,0.18655420796650865,2.855355,2.9663541700703746,0.0,0.0,0.02333866359077535,0.000678741996604069,85.93623496738063,0.9984099871596069,0.00033714456490615614,1.9268825572482555,7.002477914573319
260,6.0,0.0284353812436821,6.2624345,4.841147352105471,0.0,0.0,0.01836110095370949,0.0003054014634278541,105.84267555089711,0.9973188885861347,0.00014296569317838882,3.629876635369881,5.665978812973663
261,3.0,3.3496832171719726,3.3496833,0.5755165931729225,254.0,0.0,0.009307606534231233,0.00017290809168416101,100.96828607918539,0.9984555088387779,0.000170495152401735,2.1740693630053753,8.431310004525585
262,2327.0,200.84159572341076,2327.533,0.8044230625014192,47.0,0.0,0.039541565817321815,0.1714553514297983,159.55923954571668,0.8923551023028687,0.10872596516288913,1164.2125586408338,0.0013669195723196026
263,1.0,0.301474934288477,1.3641467,1.8786692957981932,0.0,0.0,0.007121416261954414,0.032112493453001545,125.61400230774758,0.9994332356361553,0.00027424643120714515,1.181789969582415,12.45946469285991
264,17.0,0.5661313621055657,17.075806,2.774670625740327,0.0,0.0,0.01213744057505026,0.0009894989247604953,144.19663917854731,0.9968156773169807,0.00021359474288490876,9.036310338159582,12.831918447976932
265,57.0,0.3626514649343762,57.208702,4.555789105959253,0.0,0.0,0.044109877118144056,0.008671179276858757,132.5725946871921,0.9857936949813695,0.0003362870243502304,29.097247901447997,10.066294681830186
266,16.0,0.022664304025623694,16.949501,5.547432333006965,0.0,0.0,0.0056674322023144074,0.0003433080101632743,209.53316171112613,0.9972557545407341,0.0006721650619291361,8.973378673443863,4.183276242518332
267,8.0,0.04166114892602696,8.149119,4.432736110139942,0.0,0.0,0.0017335322733275456,0.0001870438925648591,190.53359416176878,0.9977010625784728,0.0004890016734134957,4.5734102966631935,7.314415305911098
268,3.0,0.4890009981924623,3.6189873,1.748814561161002,0.0,0.0,0.015231349117746535,0.011130942629733565,96.68266233323125,0.998726116492208,0.0002861111992399356,2.308856677907798,9.921308725257404
269,36.0,0.09241897508691106,36.00018,4.905943939861595,0.0,0.0,0.016776923342219,0.017941399901141922,118.9117756223689,0.9935057466614647,0.0004065321517932939,18.49684212185813,9.205568859673804
270,6269.0,120.55772847695512,6269.272,0.6733666032060396,88.0,0.0,0.008898053194017244,0.3738356669401267,174.54862613181527,0.8109898645985248,0.0008314115597539001,3135.0417384522975,1.3211407923008665
271,2.0,0.30212747068782936,2.7296786,1.9438503506229925,0.0,0.0,0.009269483339450525,0.00030103664847910594,132.84931895448872,0.9990196632444864,0.0003542269191874062,1.8643491774646392,9.331306602674886
272,4.0,0.10220269168802318,4.6791453,3.80959280902792,0.0,0.0,0.013293077751402736,0.0005696030484292024,114.84360593540325,0.9987068669253918,0.00029858770973909,2.838925844852321,11.997590238766861
273,10.0,0.16980741354317663,10.830914,3.719760628106551,0.0,0.0,0.024656445241466343,0.004315838357289179,113.43337854418266,0.9974441306324672,0.0009435981030414441,5.914178967223532,6.095331863340107
274,105.0,94.98342795127665,105.830986,1.1004115266890953,246.0,0.05504121157354748,0.013117822009447009,0.016014202032419215,167.51856959702283,0.9845888045469827,0.0010989264158711653,53.40777374108409,6.055411613855085
275,283.0,37.857712527873176,283.74368,1.4584542267476281,254.0,0.0,0.0024351142427922407,0.002605508787440283,208.15420670717864,0.9162209177687791,0.00012467950843762454,142.3299399699984,2.7646054259166704
276,10.0,0.45202511271903495,10.348268,3.2508792842108094,0.0,7.105427357600951e-15,0.040487027118082365,0.0026754154259016442,120.9906376689171,0.9957492148246654,0.0006050210769667396,5.672008162114456,11.610998172436666
277,5.0,0.034979676674833905,5.116877,4.4681301744514155,0.0,0.0,0.0058028971530705055,0.00016312159091305927,145.86766401707754,0.999342857224915,0.00025876263253073927,3.0581100001817347,5.081619454635074
278,25.0,0.23531878382824445,25.800472,4.429972360416818,0.0,0.0,0.03818895492315597,0.007272215131078031,147.988015878949,0.9935769491426452,0.0009104780433138816,13.397024586847227,10.374619028407324
279,1.0,1.8625430421734324,1.862543,0.787170890400117,1.0,0.0,0.008569775644771658,0.029010635904089737,134.94121774895396,0.9992390403276512,0.0011339926043170852,1.4308910412505418,9.697833344049286
280,84.0,0.16310621894510774,84.75184,5.086959481224143,0.0,0.0,0.030251780507800943,0.0071405074933867385,125.68562950083532,0.9871878280110772,0.00017023100429006924,42.869511585653484,10.866861811373383
281,10.0,0.0975331609499252,10.886477,4.388541022007737,0.0,0.0,0.005947491052495301,0.0009412274031589514,96.14026978240425,0.9983941428559528,0.0006398560345625235,5.942435954773249,9.379997124837246
282,18.0,0.2631406461746496,18.876183,4.028690038530098,0.0,0.0,0.02853573759964142,0.004879446465047517,140.98293471985323,0.9949065204412433,0.0006613932469566353,9.935544674181608,11.103948944204603
283,41.0,0.26637839601860164,41.055878,4.558492052017962,0.0,0.0,0.039403032822457225,0.007604210957839508,106.66417390386246,0.9903132177511678,0.0004263122769165338,21.02309450416878,9.680044325621566
284,0.0,0.12329998941656053,0.3606026,1.748100708685944,0.0,0.0,0.005889752250712731,1.656146593990598e-05,144.34304435105165,0.9996061048737078,0.0001534762240148352,0.6801043520102318,11.050958318932317
285,36.0,36.10841209091619,36.488323,0.8154405877191209,5.0,0.0,0.00811536191722886,0.0022322010172599943,117.97398783679682,0.996163083385231,0.0012960117794803409,18.74224306633528,3.693647525884444
286,1.0,0.059893462469733656,1.3194382,3.767011042021171,0.0,0.0,0.006781131174321072,0.0003900632418106821,176.3170013008593,0.9991528155919168,0.0014293079617061632,1.1592955361252562,4.671216037662816
287,162.0,0.1351621692852681,162.46812,5.667556897954906,0.0,0.0,0.02297507129743958,0.02025337157458349,122.40193263842241,0.9740287828608758,0.00029027012975531383,81.72107710089952,11.2629110282287
288,3577.0,119.21100460515095,3577.2864,0.6889406425791362,199.0,0.019424360673373803,0.017036840712302423,0.3404279549478659,179.5159023052509,0.6574324083051171,0.013207734840325685,1788.9721035485156,0.026298776308976812
289,1.0,1.816725992019258,1.9796072,1.2668242567541175,255.0,0.05388747753833096,0.008837694534664792,0.00018585173424702265,78.90383375325479,0.9991358634025753,0.0014063503056721408,1.489371569376602,7.199351655814098
290,2935.0,118.64769441559518,2935.4702,0.8636842337877859,39.0,0.0,0.013558719940840557,0.37844548454795124,113.95733540455272,0.7826821682675058,0.0006485960300110952,1468.1264829006134,2.7813179191871313
291,17.0,0.29751694710799315,17.977573,3.364679388611971,0.0,0.0,0.0213437784504319,0.0012001222493761752,97.9440676240694,0.9967345461574844,0.000304556914620573,9.487153562123318,8.524757172737736
292,2.0,0.0135051383701635,2.625008,4.3516095935739525,0.0,0.0,0.0013535162555632938,6.604562200680038e-05,177.94263998177925,0.9998200989181881,0.0009309384004675729,1.8124140544707383,6.476802968798438
293,3042.0,114.05064089665711,3042.6843,0.8923603350579208,54.0,0.0,0.01062144467081499,0.22069560521871454,141.25903664446477,0.8608496633729357,0.000746796194112298,1521.7725989315215,3.3784184441974503
294,25.0,25.149512754982464,25.149511,0.9999552794633967,253.0,0.0,0.005277691202141515,0.0008262170798449989,195.6690932323027,0.9978162966740741,0.00023156638952414506,13.073664525828269,6.944019576879782
295,3.0,3.6963217816946505,3.6963217,0.8126144499841392,2.0,0.0,0.012600531957953218,0.0005987566392308749,203.04579839989216,0.9991804063448099,0.0015271119698697304,2.3477510940197304,5.786213929853147
296,1.0,1.1056311177871085,1.1056311,0.574184708646436,255.0,0.0,0.004867557109891198,0.0002844161752175307,152.64668113776213,0.9978386815992343,9.183223674841877e-05,1.0517348996931715,4.506202371133895
297,25.0,25.201598072045424,25.201597,0.7782219601373156,5.0,0.0,0.006238194739556467,0.006535664570957194,120.73413218529913,0.9989748514681804,0.00027548878532235907,13.100286461756802,9.496211121873785
298,37.0,15.521303233915019,37.142765,0.40329567166369445,254.0,0.0,0.08873481968251654,0.0007328024837148255,222.4401144604407,0.9957738078596453,0.0007187531419424445,19.069269898080737,0.7852234619749652
299,70.0,59.69258007568664,70.27885,1.1188312357242212,245.0,0.0,0.013511337096283514,0.006271927967675959,60.2444748101332,0.9833285172788633,0.002021987915330723,35.63108787950397,4.7566015407094255
300,0.0,0.21298272456037473,0.27699244,0.8640117376680707,0.0,0.0,0.005392382024173471,0.0012440676092436824,140.46074914459953,0.999682102125589,0.000592132507276413,0.6383372712231958,9.813626918445152
301,4.0,0.037805355204972795,4.358114,4.4435846801557455,0.0,0.0,0.0014396996441063503,0.0001446919336415938,153.81793941699468,0.9993663732816456,0.0003908352768799637,2.678740009101087,4.878242946593673
302,8.0,0.24593517987507169,8.696074,2.9908905643310715,0.0,0.0,0.013502060452440633,0.00044097270952083746,148.42080516854196,0.9986359197191769,0.00032396933715597617,4.8473549113607435,12.03433212293021
303,0.0,0.1884762552396805,0.8484375,2.2155581757694054,0.0,0.0,0.006759725265591191,0.0006641029264667056,148.2515118280507,0.9995146951967278,0.00046923897033457974,0.9239760896690653,8.065833848173497
304,434.0,1.0203991192447492,434.0145,4.747775071109479,0.0,0.0,0.04323381122579831,0.025288253386655215,161.42698621202516,0.9526508752110376,0.0001697394582860196,217.4836267195182,6.023786148522049
305,12.0,0.030851115956586718,12.573076,4.358057808651425,0.0,0.0,0.0008918028365920775,0.00031874572641233344,201.70570043143303,0.9980870300201813,0.00015524029465275953,6.785581599631695,5.19565279132803
306,0.0,0.07714985191726718,0.35243818,1.789903334866178,0.0,0.0,0.0054122443921895465,1.9730943705575876e-05,129.25624413755187,0.9996819278501812,0.0001607453735117189,0.6760600525298708,10.593246930856822
307,16.0,0.10342561699309782,16.648916,4.031421226645897,0.0,0.0,0.0051125201018987175,0.0008827707281670983,152.2679392113415,0.9985440200092524,0.0005672161041249376,8.823730151257205,4.966120815894101
308,43.0,0.11447273004847143,43.046574,5.372779858270155,0.0,0.0,0.040479540982933084,0.006769536745092826,202.32606661473034,0.9919158286388351,0.0009003539478034826,22.019245193430905,3.8086551787055214
309,207.0,78.89123403240471,207.84328,0.9741447124849394,248.0,0.046001890552646064,0.015284776190238016,0.019765885451858207,138.68717872279112,0.9768210533641128,0.0003145743196783609,104.41005192840217,3.504165739956079
310,179.0,0.1021334835016787,179.94286,5.938894191430756,0.0,0.0,0.08404400874999687,0.03488830575039975,110.06322484285366,0.9605215992368911,0.0003045160008116041,90.45167654020739,11.617541331565008
311,1.0,0.061295621254375446,1.4466095,3.2312224834328287,0.0,0.0,0.004317041326096733,4.649402905318614e-05,159.7989379170256,0.9995101613633689,0.0001268178378239174,1.2230598160672241,8.439047287283756
312,106.0,0.6915413601596346,106.88245,3.8935273707445694,0.0,0.0,0.02847329117428782,0.006105660992570084,120.08448566838335,0.9858088433386994,0.00026382664123585987,53.93412292893328,7.156412914046086
313,2.0,0.15239477025044104,2.885318,3.1419719155289134,0.0,0.0,0.009944141820539045,0.0002670407272761904,122.79363122203038,0.9989455981643198,0.00021085869148719408,1.942131859639758,9.209499093834893
